{
  "experiment": "hybrid_metric_drift_robust_jump",
  "params": {
    "drift_strengths": [
      0.0,
      0.1,
      0.2,
      0.3,
      0.4
    ],
    "collapse_factors": [
      0.7,
      0.5,
      0.3,
      0.1
    ],
    "n_seeds": 60,
    "n_dim": 3,
    "diffusion": 0.02,
    "hp_window": 15
  },
  "auc_square_root": [
    [
      0.9363888888888889,
      0.9969444444444444,
      1.0,
      1.0
    ],
    [
      0.7986111111111112,
      0.9627777777777777,
      0.9933333333333333,
      0.9991666666666666
    ],
    [
      0.6525,
      0.7775,
      0.9497222222222222,
      0.9888888888888889
    ],
    [
      0.6936111111111111,
      0.7963888888888889,
      0.8997222222222222,
      0.9794444444444445
    ],
    [
      0.6538888888888889,
      0.7141666666666666,
      0.8266666666666667,
      0.9583333333333334
    ]
  ],
  "auc_hybrid": [
    [
      0.9288888888888889,
      0.9930555555555556,
      1.0,
      1.0
    ],
    [
      0.7163888888888889,
      0.9216666666666666,
      0.9877777777777778,
      0.995
    ],
    [
      0.6127777777777778,
      0.7483333333333333,
      0.8891666666666667,
      0.9727777777777777
    ],
    [
      0.6847222222222222,
      0.7552777777777778,
      0.8475,
      0.9641666666666666
    ],
    [
      0.6336111111111111,
      0.7019444444444445,
      0.8036111111111112,
      0.9533333333333334
    ]
  ],
  "jump_power_square_root": [
    0.85,
    0.9833333333333333,
    1.0,
    1.0
  ],
  "jump_power_hybrid": [
    0.8666666666666667,
    0.9833333333333333,
    1.0,
    1.0
  ],
  "worst_corner_auc_square_root": 0.6525,
  "worst_corner_auc_hybrid": 0.6127777777777778,
  "min_strong_jump_power_hybrid": 1.0,
  "verdict": "HYBRID DOES NOT HELP: worst corner AUC 0.65 -> 0.61. The drift/jump confusion is not a low-frequency contamination removable by high-passing; the corner is a genuine geometric limit of the square-root anti-development, and a true metric change (not a filtered statistic) is required.",
  "figures": [
    "hybrid_metric.png"
  ]
}