{
  "experiment": "H_dissociation_power_analysis",
  "params": {
    "sample_sizes": [
      5,
      10,
      20,
      40,
      80
    ],
    "snrs": [
      0.3,
      0.5,
      0.8,
      1.2
    ],
    "matchings": [
      0.0,
      0.3,
      0.6
    ],
    "n_exp": 3000,
    "alpha": 0.05,
    "realistic_n": 20
  },
  "power_grids": {
    "0.0": [
      [
        0.07333333333333333,
        0.1,
        0.15333333333333332,
        0.26366666666666666,
        0.47333333333333333
      ],
      [
        0.10733333333333334,
        0.18733333333333332,
        0.32866666666666666,
        0.596,
        0.875
      ],
      [
        0.21333333333333335,
        0.39266666666666666,
        0.6773333333333333,
        0.938,
        0.9993333333333333
      ],
      [
        0.39066666666666666,
        0.714,
        0.9596666666666667,
        0.9996666666666667,
        1.0
      ]
    ],
    "0.3": [
      [
        0.09866666666666667,
        0.145,
        0.22333333333333333,
        0.3616666666666667,
        0.5246666666666666
      ],
      [
        0.12266666666666666,
        0.251,
        0.374,
        0.5666666666666667,
        0.714
      ],
      [
        0.202,
        0.4043333333333333,
        0.6446666666666667,
        0.8276666666666667,
        0.931
      ],
      [
        0.37233333333333335,
        0.6866666666666666,
        0.897,
        0.9773333333333334,
        0.9936666666666667
      ]
    ],
    "0.6": [
      [
        0.146,
        0.25533333333333336,
        0.4023333333333333,
        0.5166666666666667,
        0.656
      ],
      [
        0.18166666666666667,
        0.3436666666666667,
        0.4683333333333333,
        0.6026666666666667,
        0.7073333333333334
      ],
      [
        0.2773333333333333,
        0.4543333333333333,
        0.6156666666666667,
        0.735,
        0.828
      ],
      [
        0.42533333333333334,
        0.6353333333333333,
        0.8026666666666666,
        0.8973333333333333,
        0.9383333333333334
      ]
    ]
  },
  "false_positive_rate_by_matching": {
    "0.0": 0.045,
    "0.3": 0.15866666666666668,
    "0.6": 0.35333333333333333
  },
  "min_n_for_80pct_power": {
    "0.0": {
      "0.3": null,
      "0.5": 80,
      "0.8": 40,
      "1.2": 20
    },
    "0.3": {
      "0.3": null,
      "0.5": null,
      "0.8": 40,
      "1.2": 20
    },
    "0.6": {
      "0.3": null,
      "0.5": null,
      "0.8": 80,
      "1.2": 20
    }
  },
  "preregistered_criterion": "80% power at realistic anesthesiology n and SNR",
  "verdict": "MARGINAL: 80% power at SNR=0.8, matching sd=0.3 needs n=40 per condition -- large but not impossible; the paper should state this sample-size demand as a practical limitation. WARNING: imperfect matching inflates the false-positive rate to 0.16 at n=20 -- matching must be tight or the interaction contrast confounded.",
  "figures": [
    "power_grids.png"
  ]
}