{
  "experiment": "sleep_structure_power_dissociation",
  "data": "PhysioNet Sleep-EDF sleep-cassette; channels EEG Fpz-Cz,EEG Pz-Oz,EOG horizontal",
  "params": {
    "band": [
      0.5,
      30.0
    ],
    "win_sec": 2.0,
    "step_sec": 1.0,
    "n_perm": 500,
    "power_silent_bar": 1.5,
    "gap_factor": 2.0
  },
  "n_recordings": 15,
  "n_subjects": 8,
  "fires": 14,
  "silent_pure_amplitude": 12,
  "silent_natural_power": 3,
  "dissociates_mechanism": 12,
  "median_structural_ratio": 2.785029331830397,
  "median_pure_amplitude_ratio": 0.9954173186570068,
  "median_natural_power_ratio": 1.894716238557154,
  "mechanism_gap_struct_over_pure": 2.797850991369019,
  "prereg_power_arm": "within-N2 high-vs-low natural power (NOT silent -- structurally confounded)",
  "posthoc_power_arm": "pure amplitude via random N2 halves (silent -- the definitional power-blindness)",
  "per_subject": [
    {
      "subject": "SC4001",
      "struct_ratio": 1.9112466172370863,
      "struct_p": 0.017964071856287425,
      "pure_power_ratio": 0.9954173186570068,
      "pure_power_p": 0.2155688622754491,
      "natural_power_ratio": 1.9217947030662927,
      "natural_power_p": 0.011976047904191617,
      "power_amp_gap": 2.2624366910047495,
      "fires": true,
      "silent": true,
      "dissociates": true
    },
    {
      "subject": "SC4002",
      "struct_ratio": 2.1982406112198323,
      "struct_p": 0.007984031936127744,
      "pure_power_ratio": 0.8758160757234751,
      "pure_power_p": 0.3033932135728543,
      "natural_power_ratio": 1.4905894753526483,
      "natural_power_p": 0.0658682634730539,
      "power_amp_gap": 2.081511132171025,
      "fires": true,
      "silent": true,
      "dissociates": true
    },
    {
      "subject": "SC4011",
      "struct_ratio": 4.575047514720262,
      "struct_p": 0.001996007984031936,
      "pure_power_ratio": 1.1408369575911006,
      "pure_power_p": 0.18762475049900199,
      "natural_power_ratio": 1.7286863330249775,
      "natural_power_p": 0.031936127744510975,
      "power_amp_gap": 2.4808259942866786,
      "fires": true,
      "silent": true,
      "dissociates": true
    },
    {
      "subject": "SC4012",
      "struct_ratio": 2.703685237664812,
      "struct_p": 0.015968063872255488,
      "pure_power_ratio": 1.8029984737981226,
      "pure_power_p": 0.02594810379241517,
      "natural_power_ratio": 1.5127736650110628,
      "natural_power_p": 0.0499001996007984,
      "power_amp_gap": 2.260930946650654,
      "fires": true,
      "silent": false,
      "dissociates": false
    },
    {
      "subject": "SC4021",
      "struct_ratio": 3.226813851232966,
      "struct_p": 0.001996007984031936,
      "pure_power_ratio": 0.6727189464133466,
      "pure_power_p": 0.5249500998003992,
      "natural_power_ratio": 1.2851476134070094,
      "natural_power_p": 0.09780439121756487,
      "power_amp_gap": 3.8432610410680166,
      "fires": true,
      "silent": true,
      "dissociates": true
    },
    {
      "subject": "SC4022",
      "struct_ratio": 2.445623588941092,
      "struct_p": 0.005988023952095809,
      "pure_power_ratio": 0.7465031393895343,
      "pure_power_p": 0.4630738522954092,
      "natural_power_ratio": 2.061171256041998,
      "natural_power_p": 0.013972055888223553,
      "power_amp_gap": 2.7973913372579013,
      "fires": true,
      "silent": true,
      "dissociates": true
    },
    {
      "subject": "SC4031",
      "struct_ratio": 4.50682264799632,
      "struct_p": 0.001996007984031936,
      "pure_power_ratio": 0.7469956461238071,
      "pure_power_p": 0.45109780439121755,
      "natural_power_ratio": 1.8906557274614537,
      "natural_power_p": 0.03592814371257485,
      "power_amp_gap": 2.4948741633575935,
      "fires": true,
      "silent": true,
      "dissociates": true
    },
    {
      "subject": "SC4032",
      "struct_ratio": 2.8337639998686024,
      "struct_p": 0.003992015968063872,
      "pure_power_ratio": 1.0442987301979145,
      "pure_power_p": 0.21756487025948104,
      "natural_power_ratio": 1.9637761115667434,
      "natural_power_p": 0.007984031936127744,
      "power_amp_gap": 2.188193703195145,
      "fires": true,
      "silent": true,
      "dissociates": true
    },
    {
      "subject": "SC4041",
      "struct_ratio": 3.1994528742707105,
      "struct_p": 0.001996007984031936,
      "pure_power_ratio": 0.8225582359515141,
      "pure_power_p": 0.3373253493013972,
      "natural_power_ratio": 1.894716238557154,
      "natural_power_p": 0.005988023952095809,
      "power_amp_gap": 2.1243049092562467,
      "fires": true,
      "silent": true,
      "dissociates": true
    },
    {
      "subject": "SC4042",
      "struct_ratio": 3.7027424142167815,
      "struct_p": 0.001996007984031936,
      "pure_power_ratio": 1.6126325082736315,
      "pure_power_p": 0.031936127744510975,
      "natural_power_ratio": 1.6718951811268596,
      "natural_power_p": 0.027944111776447105,
      "power_amp_gap": 2.191923051639848,
      "fires": true,
      "silent": false,
      "dissociates": false
    },
    {
      "subject": "SC4051",
      "struct_ratio": 2.564933182949525,
      "struct_p": 0.001996007984031936,
      "pure_power_ratio": 0.6919922488232908,
      "pure_power_p": 0.530938123752495,
      "natural_power_ratio": 1.4260925825431245,
      "natural_power_p": 0.07385229540918163,
      "power_amp_gap": 2.7663667115307184,
      "fires": true,
      "silent": true,
      "dissociates": true
    },
    {
      "subject": "SC4052",
      "struct_ratio": 2.785029331830397,
      "struct_p": 0.001996007984031936,
      "pure_power_ratio": 1.206523327223724,
      "pure_power_p": 0.11776447105788423,
      "natural_power_ratio": 1.9601460037399607,
      "natural_power_p": 0.015968063872255488,
      "power_amp_gap": 2.4746200746397053,
      "fires": true,
      "silent": true,
      "dissociates": true
    },
    {
      "subject": "SC4061",
      "struct_ratio": 1.9684239634395098,
      "struct_p": 0.02594810379241517,
      "pure_power_ratio": 1.2742256520772965,
      "pure_power_p": 0.12574850299401197,
      "natural_power_ratio": 1.897813143687734,
      "natural_power_p": 0.029940119760479042,
      "power_amp_gap": 2.4106472103242917,
      "fires": true,
      "silent": true,
      "dissociates": true
    },
    {
      "subject": "SC4062",
      "struct_ratio": 1.4091227558901955,
      "struct_p": 0.06986027944111776,
      "pure_power_ratio": 1.598571387168868,
      "pure_power_p": 0.059880239520958084,
      "natural_power_ratio": 2.2713326886015186,
      "natural_power_p": 0.01996007984031936,
      "power_amp_gap": 2.7919893145373926,
      "fires": false,
      "silent": false,
      "dissociates": false
    },
    {
      "subject": "SC4071",
      "struct_ratio": 4.488659066199637,
      "struct_p": 0.001996007984031936,
      "pure_power_ratio": 0.35374323407501407,
      "pure_power_p": 0.9041916167664671,
      "natural_power_ratio": 2.017904709041858,
      "natural_power_p": 0.023952095808383235,
      "power_amp_gap": 2.4146268972490605,
      "fires": true,
      "silent": true,
      "dissociates": true
    }
  ],